question_id,question,difficulty,method,answer,num_retrieved,retrieval_time,avg_retrieval_score
q001,Erkläre mir RAG in einfachen Worten,easy,vector,"RAG (Retrieval-Augmented Generation) ist eine Technik, bei der ein großes Sprachmodell mit externen Wissensquellen verbunden wird. Das Modell kann relevante Informationen aus einer Wissensbasis abrufen und diese in seine Antworten einbeziehen. Dadurch werden Halluzinationen reduziert und die Antworten aktueller und genauer.",3,0.9318315982818604,0.23005112012227377
q001,Erkläre mir RAG in einfachen Worten,easy,graph,"RAG (Retrieval-Augmented Generation) ist eine Technik, bei der ein Large Language Model (LLM) externe Wissensquellen, wie eine Wissensbasis oder Datenbank, nutzt. Das Modell ruft relevante Informationen aus diesen Quellen ab und integriert sie in seine Antworten. Dadurch werden Halluzinationen reduziert und die Antworten können aktueller sein. Die Hauptkosten entstehen durch API-Calls, das Hosting der Vektor-Datenbank und die Erstellung von Embeddings, wobei Caching diese Kosten verringern kann.",2,1.2846248149871826,1.0
q001,Erkläre mir RAG in einfachen Worten,easy,baseline,"Retrieval-Augmented Generation (RAG) ist eine Technik in der Künstlichen Intelligenz, die dabei hilft, bessere und genauere Antworten zu geben. Stell dir vor, ein Computer hat eine riesige Bibliothek mit vielen Büchern. Wenn du ihm eine Frage stellst, sucht er zuerst in dieser Bibliothek nach relevanten Informationen und nutzt diese dann, um eine passende Antwort zu formulieren. 

Das Besondere an RAG ist, dass es zwei Schritte kombiniert: Erst sucht es nach passenden Texten (Retrieval), und dann nutzt es diese Texte, um eine Antwort zu generieren (Generation). Dadurch kann das System sehr präzise und faktenbasierte Antworten liefern, weil es nicht nur auf vortrainierten Wissen basiert, sondern auch aktuelle oder spezifische Informationen aus einer Datenbank heranziehen kann.",0,1.2759931087493896,0.0
q002,Was sind die Unterschiede zwischen Vektor- und Graph-Retrieval?,medium,vector,"Vektor-Retrieval basiert auf der Umwandlung von Dokumenten und Anfragen in hochdimensionale Embeddings, wobei die Ähnlichkeit durch Metriken wie Cosinus-Ähnlichkeit gemessen wird, um semantische Beziehungen zu erfassen. Graph-Retrieval hingegen nutzt Graphstrukturen, um Beziehungen zwischen Entitäten explizit abzubilden und komplexe multi-hop Reasoning-Prozesse durch Graphtraversierung zu ermöglichen. Während Vektor-Retrieval vor allem auf semantischer Ähnlichkeit basiert, fokussiert Graph-Retrieval auf die Erfassung strukturierter, relationaler Informationen.",3,1.2653210163116455,0.6198762655258179
q002,Was sind die Unterschiede zwischen Vektor- und Graph-Retrieval?,medium,graph,"Vektor-Retrieval nutzt neuronale Embeddings, um semantische Ähnlichkeiten zwischen Anfragen und Dokumenten zu erkennen, und basiert auf Dense Retrieval, das für semantische Suche geeignet ist. Graph-Retrieval hingegen erfasst Beziehungen zwischen Entitäten durch Graphstrukturen, ermöglicht komplexes multi-hop Reasoning und ist besonders bei strukturierten Daten sowie Knowledge Graphs effektiv. Während Vektor-Retrieval auf Ähnlichkeit im Embedding-Raum setzt, fokussiert Graph-Retrieval auf die explizite Nutzung von semantischen Beziehungen zwischen Entitäten.",3,1.5621089935302734,1.3333333333333333
q002,Was sind die Unterschiede zwischen Vektor- und Graph-Retrieval?,medium,baseline,"Der Unterschied zwischen Vektor- und Graph-Retrieval liegt in der Art und Weise, wie Informationen gesucht und organisiert werden:

1. Vektor-Retrieval:
- Prinzip: Nutzt hochdimensionale Vektorrepräsentationen (Embeddings) von Texten oder Dokumenten.
- Funktionsweise: Bei einer Suchanfrage werden Embeddings für die Eingabe erstellt und mit einer Datenbank von vektorisierten Dokumenten verglichen, meist durch Ähnlichkeitsmaße wie Kosinus- oder euklidische Distanz.
- Vorteile: Sehr effizient bei großen Mengen unstrukturierter Daten, ermöglicht semantische Suche, bei der ähnliche Bedeutungen gefunden werden, auch wenn die Formulierungen unterschiedlich sind.
- Anwendungsbeispiele: Embedding-basierte Suchmaschinen, semantische Suche in RAG-Systemen.

2. Graph-Retrieval:
- Prinzip: Nutzt graphbasierte Strukturen, bei denen Knoten (z.B. Entitäten, Dokumente) durch Kanten (Beziehungen) verbunden sind.
- Funktionsweise: Die Suche erfolgt durch Traversierung des Graphen, um relevante Knoten basierend auf Beziehungen, Pfaden oder Mustern zu finden.
- Vorteile: Besonders geeignet für strukturierte Daten mit klaren Beziehungen, z.B. Wissensgraphen, bei denen die Verknüpfungen zwischen Entitäten genutzt werden, um relevante Informationen zu identifizieren.
- Anwendungsbeispiele: Wissensgraphen, Knowledge Bases, relationale Datenbanken.

Kurz gesagt:
- Vektor-Retrieval ist auf die semantische Ähnlichkeit in unstrukturierten Textdaten fokussiert.
- Graph-Retrieval nutzt die strukturierte Beziehung zwischen Datenpunkten, um relevante Informationen anhand ihrer Verknüpfungen zu finden.

In der Praxis können beide Ansätze kombiniert werden, um die Stärken beider Methoden zu nutzen.",0,2.2002124786376953,0.0
q003,Welche Evaluationsmetriken sollte ich für mein RAG-System verwenden?,medium,vector,"Für die Evaluation deines RAG-Systems solltest du sowohl Retrieval- als auch Generierungsmetriken verwenden. Zur Messung der Retrieval-Qualität eignen sich Precision@K und Recall@K. Für die Textähnlichkeit und Qualität der generierten Antworten sind BLEU und ROUGE geeignet. Zusätzlich kannst du qualitative Bewertungen wie GPT-as-a-Judge für Faithfulness und Answer Relevancy einsetzen. Eine umfassende Bewertung kombiniert diese Metriken, um sowohl die Retrieval-Performance als auch die Qualität der generierten Inhalte zu beurteilen.",3,1.6696205139160156,0.6099800268809
q003,Welche Evaluationsmetriken sollte ich für mein RAG-System verwenden?,medium,graph,"Für die Evaluation deines RAG-Systems solltest du sowohl Textähnlichkeitsmetriken wie BLEU und ROUGE sowie Metriken zur Bewertung der Retrieval-Qualität wie Precision@K und Recall@K verwenden. Zusätzlich kannst du qualitative Bewertungen mit GPT-as-a-Judge durchführen, um Faithfulness und Answer Relevancy zu beurteilen.",3,0.8265514373779297,4.0
q003,Welche Evaluationsmetriken sollte ich für mein RAG-System verwenden?,medium,baseline,"Für die Evaluierung eines Retrieval-Augmented Generation (RAG)-Systems gibt es mehrere Metriken, die sowohl die Qualität der generierten Inhalte als auch die Effektivität des Retrieval-Teils messen. Hier sind die wichtigsten:

1. **BLEU, ROUGE, METEOR**:  
   Diese Metriken vergleichen die generierten Texte mit Referenzantworten und messen die Übereinstimmung in Bezug auf Wort- oder Phrasenähnlichkeit. Sie sind nützlich, um die Qualität der generierten Antworten quantitativ zu bewerten.

2. **F1-Score** und **Exact Match (EM)**:  
   Besonders bei Aufgaben wie Frage-Antwort-Systemen oder Knowledge-Base-Entwicklung helfen diese Metriken, die Genauigkeit der Antworten im Vergleich zu Referenzantworten zu messen.

3. **Retrieval-Recall und Retrieval-Precision**:  
   Diese Metriken bewerten, wie gut das Retrieval-Modul relevante Dokumente findet. Ein hoher Recall bedeutet, dass relevante Dokumente selten übersehen werden, während eine hohe Precision bedeutet, dass die gefundenen Dokumente meist relevant sind.

4. **Retrieval-augmented Metrics (z.B. R-Precision, NDCG)**:  
   Diese Metriken bewerten die Qualität der Retrieval-Ergebnisse, insbesondere bei mehreren Dokumenten, die für die Generierung herangezogen werden.

5. **Human Evaluation**:  
   Automatische Metriken können manchmal die Qualität der generierten Inhalte nicht vollständig erfassen. Daher ist menschliches Feedback oft unerlässlich, um die Kohärenz, Relevanz, Faktenhaftigkeit und Natürlichkeit der Antworten zu bewerten.

6. **Faktenhaftigkeit und Konsistenz**:  
   Spezielle Metriken oder manuelle Bewertungen, um sicherzustellen, dass die generierten Antworten korrekt und konsistent mit den Retrieval-Dokumenten sind.

7. **End-to-End Task Performance**:  
   Für spezifische Anwendungen (z.B. Frage-Antwort, Chatbots) kann die Gesamtleistung anhand von Aufgaben-spezifischen Metriken gemessen werden, z.B. Genauigkeit bei der Beantwortung von Fragen.

**Fazit:**  
Eine umfassende Evaluation eines RAG-Systems sollte eine Kombination aus automatischen Metriken (wie BLEU, ROUGE, Retrieval-Precision, NDCG) und menschlicher Bewertung umfassen, um sowohl die",0,3.913626194000244,0.0
q004,Wie optimiere ich die Performance meines RAG-Systems?,hard,vector,"Um die Performance deines RAG-Systems zu optimieren, solltest du folgende Maßnahmen ergreifen:

1. **Embedding-Qualität verbessern:** Fine-tune deine Embedding-Modelle auf domänenspezifische Daten, um relevantere Retrieval-Ergebnisse zu erzielen. Wähle ein geeignetes Base-Model (z.B. Sentence-Transformers) und achte auf sorgfältiges Preprocessing, Normalisierung und die Verwendung passender Similarity-Metriken.

2. **Chunk-Strategien optimieren:** Sorge für eine hochwertige Chunk-Qualität und passe die Chunk-Größe an, um Context-Window-Überschreitungen zu vermeiden.

3. **Re-ranking einsetzen:** Implementiere Re-ranking-Methoden, um die initialen Retrieval-Ergebnisse zu verfeinern und irrelevante Resultate zu reduzieren.

4. **Probleme wie Halluzinationen und Latenz adressieren:** Nutze bessere Embeddings und optimierte Retrieval-Strategien, um Halluzinationen zu minimieren und die Latenz zu verringern.

5. **Innovative Trends nutzen:** Erwäge den Einsatz von Agentic RAG mit Tool-Usage, Multi-modal RAG für Bilder/Videos oder Adaptive Retrieval, um die Systemleistung weiter zu steigern.

6. **Knowledge Graph-Integration und Echtzeit-Updates:** Diese Ansätze können die Aktualität und Relevanz der Retrieval-Ergebnisse verbessern.

Durch diese Maßnahmen kannst du die Retrieval-Qualität, Effizienz und Robustheit deines RAG-Systems deutlich steigern.",3,1.8165078163146973,0.5690412521362305
q004,Wie optimiere ich die Performance meines RAG-Systems?,hard,graph,Keine relevanten Dokumente im Knowledge Graph gefunden.,0,0.010437250137329102,0.0
q004,Wie optimiere ich die Performance meines RAG-Systems?,hard,baseline,"Um die Performance deines Retrieval-Augmented Generation (RAG)-Systems zu optimieren, kannst du verschiedene Ansätze verfolgen:

1. **Verbesserung der Retrieval-Komponente:**
   - **Qualität der Dokumente:** Stelle sicher, dass die Datenquelle aktuell, relevant und gut strukturiert ist.
   - **Effiziente Indexierung:** Nutze leistungsfähige Such- und Indexierungstechnologien (z.B. FAISS, Elasticsearch), um schnelle und präzise Retrieval-Ergebnisse zu gewährleisten.
   - **Relevanz-Modelle:** Trainiere oder fine-tune Retrieval-Modelle (z.B. Dense Retriever, BM25), um relevantere Dokumente zu finden.

2. **Optimierung des Generierungsmodells:**
   - **Fine-Tuning:** Passe das Sprachmodell (z.B. GPT, T5) auf domänenspezifische Daten an, um bessere Antworten zu generieren.
   - **Prompt-Engineering:** Entwickle effektive Prompts, um die Qualität der generierten Antworten zu verbessern.
   - **Temperatur und Top-k/Top-p Sampling:** Justiere diese Parameter, um die Kreativität und Kohärenz der Ausgaben zu steuern.

3. **Integration und Pipeline-Optimierung:**
   - **Caching:** Speichere häufig abgefragte Dokumente oder Ergebnisse, um Latenz zu reduzieren.
   - **Parallelisierung:** Nutze parallele Verarbeitung für Retrieval und Generation, um die Antwortzeiten zu verkürzen.
   - **End-to-End Optimierung:** Teste verschiedene Kombinationen von Retrieval- und Generierungsmodellen, um die beste Balance zwischen Relevanz und Qualität zu finden.

4. **Evaluation und Monitoring:**
   - **Metriken:** Nutze Metriken wie Genauigkeit, Relevanz, BLEU, ROUGE oder user feedback, um die Systemleistung regelmäßig zu bewerten.
   - **A/B-Tests:** Führe Tests mit verschiedenen Konfigurationen durch, um Verbesserungen messbar zu machen.

5. **Skalierung und Infrastruktur:**
   - **Hardware:** Nutze leistungsfähige Hardware (z.B. GPUs, TPUs) für Training und Inferenz.
   - **Cloud-Services:** Überlege, Cloud-basierte Lösungen für Skalierbarkeit und Flexibilität.

Durch eine Kombination dieser Ansätze kannst du die Effizienz, Relevanz und Nutzerzufriedenheit deines RAG",0,2.3950271606445312,0.0
q005,Was kostet der Betrieb eines RAG-Systems?,easy,vector,"Der Betrieb eines RAG-Systems kostet hauptsächlich durch LLM-API-Calls, Vector-Database-Hosting und Embedding-Generierung. Durch Caching von Embeddings und Antworten können diese Kosten reduziert werden. Der Einsatz lokaler Modelle kann API-Kosten eliminieren, erfordert jedoch eigene Infrastruktur. Zusätzliche Kosten können durch Trends wie Agentic RAG, Multi-modal RAG oder Knowledge Graph-Integration entstehen, je nach Komplexität und Erweiterung der Funktionalitäten.",3,0.8507912158966064,0.5485175848007202
q005,Was kostet der Betrieb eines RAG-Systems?,easy,graph,Keine relevanten Dokumente im Knowledge Graph gefunden.,0,0.012084245681762695,0.0
q005,Was kostet der Betrieb eines RAG-Systems?,easy,baseline,"Der Betrieb eines Retrieval-Augmented Generation (RAG)-Systems kann je nach Umfang, Komplexität und eingesetzten Ressourcen variieren. Zu den wichtigsten Kostenfaktoren gehören:

1. Infrastrukturkosten: Für Server, Cloud-Services oder Rechenzentren, die die Modelle und Datenbanken hosten. Cloud-Anbieter wie AWS, Azure oder Google Cloud bieten skalierbare Ressourcen, deren Preise sich nach Rechenleistung, Speicher und Nutzung richten.

2. Modellkosten: Die Entwicklung, Feinabstimmung und Wartung der Sprachmodelle, inklusive möglicher Lizenzgebühren für bestimmte Modelle oder Frameworks.

3. Datenkosten: Für das Sammeln, Speichern und Aktualisieren der Wissensdatenbanken, die vom Retrieval-Modul genutzt werden.

4. Betriebskosten: Laufende Wartung, Monitoring, Updates und Sicherheit des Systems.

5. Personalkosten: Für Entwickler, Data Scientists und Betriebspersonal, die das System implementieren und betreiben.

Insgesamt können die monatlichen Kosten für ein kleines bis mittelgroßes RAG-System im Bereich von einigen hundert bis mehreren tausend Euro liegen. Große, unternehmenskritische Anwendungen mit umfangreichen Datenbanken und hoher Verfügbarkeit können deutlich teurer sein. Es ist wichtig, eine Kosten-Nutzen-Analyse durchzuführen, um die optimale Infrastruktur und Ressourcen zu bestimmen.",0,2.31980299949646,0.0
q006,Wie implementiere ich Hybrid Retrieval?,hard,vector,"Um Hybrid Retrieval zu implementieren, kombinierst du typischerweise Dense Retrieval (mit neuronalen Embeddings für semantische Suche) und Sparse Retrieval (wie BM25 für exakte Keyword-Matches). Dabei kannst du beide Retrieval-Ergebnisse parallel durchführen und die relevanten Dokumente zusammenführen oder gewichten. Anschließend nutzt du diese kombinierten Ergebnisse, um die relevantesten Informationen für dein RAG-System bereitzustellen. So nutzt du die Stärken beider Ansätze: die semantische Ähnlichkeit und die exakte Begriffssuche.",3,0.9545783996582031,0.6257766683896383
q006,Wie implementiere ich Hybrid Retrieval?,hard,graph,"Um Hybrid Retrieval zu implementieren, kombiniere typischerweise Dense Retrieval (neuronale Embeddings für semantische Suche) mit Sparse Retrieval (exakte Keyword-Matches wie BM25). Dabei kannst du entweder die beiden Methoden parallel ausführen und die Ergebnisse zusammenführen oder sie in einer Pipeline kombinieren, bei der eine Methode die andere ergänzt. Ziel ist es, die Stärken beider Ansätze zu nutzen: semantische Ähnlichkeit und exakte Begriffssuche.",3,1.3458876609802246,5.333333333333333
q006,Wie implementiere ich Hybrid Retrieval?,hard,baseline,"Hybrid Retrieval ist eine Methode, bei der sowohl klassische (z. B. regelbasierte oder indexbasierte) als auch lernbasierte (z. B. embedding-basierte) Retrieval-Techniken kombiniert werden, um die Vorteile beider Ansätze zu nutzen. Dies kann die Genauigkeit und Flexibilität bei der Informationsbeschaffung in Retrieval-Augmented Generation (RAG) Systemen verbessern.

Hier sind die grundlegenden Schritte zur Implementierung eines Hybrid Retrieval-Systems:

1. Datenvorbereitung:
   - Sammle und bereite die Dokumente oder Wissensquellen vor, die durchsucht werden sollen.
   - Indexiere die Dokumente sowohl mit klassischen Methoden (z. g. TF-IDF, BM25) als auch mit embedding-basierten Methoden (z. g. Sentence Embeddings, BERT, SBERT).

2. Aufbau der Retrieval-Komponenten:
   - Klassischer Retriever: Nutzt eine vordefinierte Indexstruktur (z. B. ElasticSearch, Lucene) mit traditionellen Metriken.
   - Embedding-basierter Retriever: Nutzt vortrainierte oder feinabgestimmte Sprachmodelle, um semantische Ähnlichkeiten zu berechnen.

3. Abfrageverarbeitung:
   - Wenn eine Nutzeranfrage eingeht, wird sie gleichzeitig an beide Retrieval-Methoden gesendet.
   - Die klassischen Methoden liefern schnelle, präzise Treffer basierend auf Schlüsselwörtern.
   - Die embedding-basierte Methode liefert semantisch ähnliche Dokumente, auch wenn die Schlüsselwörter variieren.

4. Ergebnisfusion:
   - Kombiniere die Ergebnisse beider Retrieval-Methoden, z. B. durch Gewichtung, Rangfusion oder eine Lernkomponente.
   - Ziel ist es, die relevantesten Dokumente aus beiden Quellen zu identifizieren.

5. Integration in RAG:
   - Die ausgewählten Dokumente werden als Kontext in den Generator (z. B. GPT-Modelle) eingespeist, um eine präzisere und informierte Antwort zu generieren.

6. Feinabstimmung und Optimierung:
   - Experimentiere mit verschiedenen Gewichtungen und Fusion-Strategien.
   - Optional: Trainiere eine Lernkomponente (z. B. einen Klassifikator), um die besten Ergebnisse aus beiden Retrieval-Methoden zu priorisieren.

Vorteile eines Hybrid Retrievals:
- Bessere Abdeckung: Klassische Methoden sind schnell und präzise bei",0,4.329076290130615,0.0
q007,Welche Vector Database sollte ich wählen?,medium,vector,"Die Wahl der Vector Database hängt von deinen spezifischen Anforderungen ab. Für managed Services sind Pinecone, Weaviate, Qdrant und Chroma empfehlenswert. Wenn du eine lokale Lösung bevorzugst, ist FAISS eine gute Option. Alternativ kannst du auch PostgreSQL mit pgvector verwenden, was kostengünstig ist. Berücksichtige Skalierung, Latenz und Budget, um die passende Lösung zu wählen.",3,0.8421642780303955,0.5727359453837076
q007,Welche Vector Database sollte ich wählen?,medium,graph,"Die Wahl der Vector Database hängt von deinen spezifischen Anforderungen ab. Für managed Services sind Pinecone, Weaviate, Qdrant und Chroma empfehlenswert. Wenn du eine lokale Lösung bevorzugst, eignet sich FAISS. Alternativ ist PostgreSQL mit pgvector eine kostengünstige Option. Berücksichtige Skalierung, Latenz und Budget bei deiner Entscheidung.",3,0.7635209560394287,4.666666666666667
q007,Welche Vector Database sollte ich wählen?,medium,baseline,"Bei der Auswahl einer Vector Database für Retrieval-Augmented Generation (RAG) hängt die Entscheidung von verschiedenen Faktoren ab, wie z.B. Leistungsfähigkeit, Skalierbarkeit, Integration und Kosten. Hier sind einige der bekanntesten und bewährten Optionen:

1. **Pinecone**: Eine vollständig verwaltete Vector Database, die hohe Skalierbarkeit, niedrige Latenzzeiten und einfache Integration bietet. Besonders geeignet für produktionsreife Anwendungen.

2. **Weaviate**: Open-Source und flexibel, mit integrierter Unterstützung für semantische Suche, Graph-Datenmodell und Natural Language Processing. Ideal, wenn du eine anpassbare Lösung suchst.

3. **FAISS (Facebook AI Similarity Search)**: Eine Open-Source-Bibliothek, die sich gut für lokale, hochperformante Ähnlichkeitssuchen eignet. Wird häufig in Forschungsprojekten und bei der Entwicklung eigener Lösungen verwendet.

4. **Milvus**: Ebenfalls Open-Source, bietet hohe Skalierbarkeit und ist für große Datenmengen geeignet. Unterstützt verschiedene Indexierungsalgorithmen und ist gut für produktive Umgebungen.

5. **Annoy (Approximate Nearest Neighbors Oh Yeah)**: Entwickelt von Spotify, geeignet für schnelle, approximate Suchen bei großen Datensätzen. Einfach zu verwenden und gut für Prototypen.

**Empfehlung:** Wenn du eine schnelle, skalierbare und wartungsarme Lösung suchst, ist Pinecone eine gute Wahl. Für mehr Flexibilität und Open-Source-Optionen sind Weaviate oder Milvus empfehlenswert. Für experimentelle oder kleinere Projekte kann FAISS oder Annoy ausreichend sein.

Letztlich solltest du die Anforderungen deiner Anwendung (z.B. Datenmenge, Latenz, Budget, Integrationsmöglichkeiten) genau prüfen, um die passende Vector Database zu wählen.",0,3.3931307792663574,0.0
q008,Was sind häufige Probleme bei RAG und wie löse ich sie?,medium,vector,"Häufige Probleme bei RAG sind irrelevante Retrieval-Ergebnisse, Halluzinationen trotz RAG, hohe Latenz, Context-Window-Überschreitungen und schlechte Chunk-Qualität. Lösungen umfassen den Einsatz besserer Embeddings, Re-ranking der Retrieval-Ergebnisse sowie optimierte Chunk-Strategien. Zudem kann die Verwendung von Frameworks wie LangChain helfen, die Pipeline zu modularisieren und zu verbessern.",3,0.9408242702484131,0.5558609465758005
q008,Was sind häufige Probleme bei RAG und wie löse ich sie?,medium,graph,"Häufige Probleme bei RAG sind irrelevante Retrieval-Ergebnisse, Halluzinationen trotz RAG, hohe Latenz, Context-Window-Überschreitungen und schlechte Chunk-Qualität. Lösungen umfassen den Einsatz besserer Embeddings, Re-ranking der Retrieval-Ergebnisse sowie optimierte Chunk-Strategien, um die Qualität und Relevanz der abgerufenen Informationen zu verbessern.",3,1.02005934715271,9.333333333333334
q008,Was sind häufige Probleme bei RAG und wie löse ich sie?,medium,baseline,"Bei Retrieval-Augmented Generation (RAG) treten häufig folgende Probleme auf, zusammen mit möglichen Lösungsansätzen:

1. **Ungenaue oder veraltete Retrieval-Ergebnisse:**  
   *Problem:* Das Retrieval-Modul liefert manchmal irrelevante oder veraltete Dokumente, was die Qualität der generierten Antworten beeinträchtigt.  
   *Lösung:*  
   - Verbesserung der Indexierung und Aktualisierung der Wissensdatenbank.  
   - Einsatz fortschrittlicherer Retrieval-Methoden wie Dense Retrieval (z.B. mit BERT-basierten Embeddings).  
   - Feinabstimmung des Retrieval-Moduls auf die spezifische Domäne.

2. **Schwierigkeiten bei der Integration von Retrieval und Generation:**  
   *Problem:* Die Generierung leidet, wenn die Retrieval-Ergebnisse nicht optimal genutzt werden.  
   *Lösung:*  
   - Verwendung von End-to-End-Trainingsansätzen, bei denen Retrieval und Generation gemeinsam optimiert werden.  
   - Implementierung von Mechanismen, die die Relevanz der Retrieval-Ergebnisse gewichten.

3. **Kohärenz- und Konsistenzprobleme:**  
   *Problem:* Die generierten Texte können inkonsistent oder widersprüchlich sein, insbesondere wenn Retrieval-Ergebnisse unterschiedlich sind.  
   *Lösung:*  
   - Einsatz von Reranking-Methoden, um die besten Dokumente auszuwählen.  
   - Verwendung von Kontext- und Konsistenz-Checks während der Generierung.

4. **Skalierbarkeit und Effizienz:**  
   *Problem:* Das Retrieval großer Datenmengen kann zeitaufwendig sein.  
   *Lösung:*  
   - Einsatz von effizienten Indexierungs- und Suchalgorithmen (z.B. Approximate Nearest Neighbor Search).  
   - Nutzung von Hardware-Beschleunigung und Caching.

5. **Bias und Qualitätssicherung:**  
   *Problem:* Retrieval-Ergebnisse können Bias enthalten oder die Qualität der Antworten beeinträchtigen.  
   *Lösung:*  
   - Sorgfältige Datenaufbereitung und -überprüfung.  
   - Einsatz von Bias-Detection- und Korrektur-Methoden.

Insgesamt ist die kontinuierliche Feinabstimmung und Evaluierung der Komponenten sowie die Integration von Feedback-Schleifen entscheidend, um die Leistung von RAG-Systemen zu verbessern.",0,4.443812608718872,0.0
q009,Wie funktioniert RAG mit Knowledge Graphs?,hard,vector,"RAG mit Knowledge Graphs funktioniert, indem Entitäten und deren Beziehungen explizit in einem Graph gespeichert werden. Retrieval erfolgt durch Graphtraversierung, wodurch komplexe, beziehungsbasierte Abfragen und multi-hop Reasoning ermöglicht werden. Dies erlaubt es, kontextreiche und strukturierte Informationen effizient abzurufen, um die Generierung von Antworten zu unterstützen.",3,0.9919471740722656,0.5813488364219666
q009,Wie funktioniert RAG mit Knowledge Graphs?,hard,graph,"RAG mit Knowledge Graphs integriert strukturierte Wissensdatenbanken in den Retrieval-Prozess. Dabei werden relevante Informationen aus dem Knowledge Graph abgerufen, um sie in die Generierung der Antwort einzubeziehen. Dies ermöglicht eine präzisere und kontextbezogenere Informationsbereitstellung, indem das Modell auf strukturierte Beziehungen und Entitäten zugreift, anstatt nur auf unstrukturierte Textdaten.",3,1.0600223541259766,6.333333333333333
q009,Wie funktioniert RAG mit Knowledge Graphs?,hard,baseline,"Retrieval-Augmented Generation (RAG) kombiniert generative Sprachmodelle mit einem externen Wissensspeicher, um präzise und kontextbezogene Antworten zu liefern. Während bei klassischen RAG-Ansätzen häufig Dokumente oder Textkorpora als Wissensquelle genutzt werden, kann auch ein Knowledge Graph (KG) integriert werden, um die Wissensabfrage und -nutzung zu verbessern.

So funktioniert RAG mit Knowledge Graphs im Allgemeinen:

1. **Abfrage- und Retrieval-Phase:**  
   Das Modell erhält eine Eingabefrage oder -anfrage und nutzt eine Retrieval-Komponente, um relevante Knoten, Entitäten oder Subgraphen aus dem Knowledge Graph zu identifizieren. Dies kann durch Entitätserkennung, Ähnlichkeitsmessungen oder spezialisierte Abfrage-Algorithmen erfolgen.

2. **Aufbereitung der Knowledge Graph-Daten:**  
   Die relevanten Teile des Knowledge Graphs werden in eine für das Sprachmodell verständliche Form gebracht, z.B. durch Extraktion von Textbeschreibungen, Tripeln oder Zusammenfassungen der relevanten Knoten und Beziehungen.

3. **Generierungsphase:**  
   Das generative Modell (z.B. ein Transformer-basiertes Sprachmodell) wird mit der ursprünglichen Eingabe sowie den extrahierten Knowledge Graph-Informationen als Kontext gefüttert. Das Modell nutzt diese kombinierten Daten, um eine konsistente, faktisch korrekte Antwort zu generieren.

4. **Vorteile:**  
   - **Faktentreue:** Durch die direkte Nutzung des Knowledge Graphs können präzise Fakten abgerufen werden, was die Genauigkeit erhöht.  
   - **Erklärbarkeit:** Die Verwendung strukturierter Daten ermöglicht eine nachvollziehbare Begründung der Antworten.  
   - **Effizienz:** Knowledge Graphs bieten eine komprimierte, strukturierte Wissensrepräsentation, die schnelle Abfragen ermöglicht.

Insgesamt ermöglicht die Integration von Knowledge Graphs in RAG-Architekturen eine stärkere Nutzung strukturierter, semantischer Informationen, was zu präziseren, erklärbaren und kontextbezogenen Antworten führt.",0,3.9193339347839355,0.0
q010,Was ist der optimale Chunk-Size für meine Dokumente?,medium,vector,"Die optimale Chunk-Size hängt vom Use Case ab. Für präzises Retrieval sind kleinere Chunks (100-200 Tokens) geeignet, während größere Chunks (500-1000 Tokens) mehr Kontext bieten. Es wird empfohlen, mit verschiedenen Größen zu experimentieren, um die beste Balance zwischen Präzision und Kontext zu finden.",3,0.788792610168457,0.4421776831150055
q010,Was ist der optimale Chunk-Size für meine Dokumente?,medium,graph,Keine relevanten Dokumente im Knowledge Graph gefunden.,0,0.010761737823486328,0.0
q010,Was ist der optimale Chunk-Size für meine Dokumente?,medium,baseline,"Die optimale Chunk-Size für deine Dokumente hängt von mehreren Faktoren ab, darunter die Art der Dokumente, die verwendete Modellarchitektur und die spezifische Anwendung. Allgemein gilt:

- **Kleine Chunks (z.B. 100-300 Wörter):** Bieten eine bessere Granularität und Genauigkeit bei der Informationsabrufung, können aber zu einer größeren Anzahl von Chunks führen, was die Effizienz beeinträchtigen kann.

- **Mittlere Chunks (z.B. 500-1000 Wörter):** Sind oft ein guter Kompromiss zwischen Detailgenauigkeit und Effizienz. Sie ermöglichen es, relevante Informationen präzise abzurufen, ohne die Anzahl der Chunks unnötig zu erhöhen.

- **Große Chunks (z.B. 1500+ Wörter):** Reduzieren die Anzahl der Chunks, können aber dazu führen, dass relevante Informationen in größeren Textabschnitten versteckt sind, was die Genauigkeit beeinträchtigen kann.

Empfehlung: Für die meisten RAG-Anwendungen ist eine Chunk-Größe im Bereich von 500 bis 1000 Wörtern ein guter Ausgangspunkt. Es ist ratsam, mit dieser Größe zu experimentieren und die Ergebnisse hinsichtlich Retrieval-Genauigkeit und Effizienz zu evaluieren, um die optimale Balance für deine spezifische Anwendung zu finden.",0,1.7320566177368164,0.0
q011,Welche Zukunftstrends gibt es bei RAG?,easy,vector,"Zukünftige Trends bei RAG umfassen die Weiterentwicklung von Agentic RAG mit Tool-Usage, Multi-modal RAG für Bilder und Videos sowie Adaptive Retrieval, das auf Query-Komplexität reagiert. Zudem gewinnt die Knowledge Graph-Integration an Bedeutung, um die Kontextualisierung zu verbessern. Real-time Updates und personalisierte Retrieval-Strategien werden ebenfalls wichtiger, um die Relevanz und Aktualität der Ergebnisse zu steigern.",3,1.3085265159606934,0.5069607496261597
q011,Welche Zukunftstrends gibt es bei RAG?,easy,graph,"Zukünftige Trends bei RAG umfassen die Entwicklung von Agentic RAG mit Tool-Usage, Multi-modal RAG für die Integration von Bildern und Videos sowie Adaptive Retrieval, das sich an die Query-Komplexität anpasst. Zudem gewinnt die Knowledge Graph-Integration an Bedeutung, um die Wissensrepräsentation zu verbessern. Weitere wichtige Entwicklungen sind Echtzeit-Updates und personalisierte Retrieval-Strategien, um die Aktualität und Relevanz der abgerufenen Informationen zu erhöhen.",3,1.26173734664917,9.0
q011,Welche Zukunftstrends gibt es bei RAG?,easy,baseline,"Zukunftstrends bei Retrieval-Augmented Generation (RAG) umfassen mehrere spannende Entwicklungen:

1. Verbesserte Retrieval-Methoden: Es wird erwartet, dass fortschrittlichere Such- und Indexierungstechniken entwickelt werden, um relevantere und kontextbezogenere Dokumente schneller zu finden. Hierbei könnten hybride Ansätze aus klassischen Informationsretrieval-Methoden und Deep-Learning-basierten Embeddings zum Einsatz kommen.

2. Integration von multimodalen Daten: Zukünftige RAG-Modelle könnten neben Text auch Bilder, Videos oder Audiodaten einbeziehen, um umfassendere und vielseitigere Antworten zu generieren.

3. Effizienzsteigerung: Durch Optimierungen in Modellarchitekturen und den Einsatz von sparsamen Modellen wird die Effizienz erhöht, sodass RAG-Systeme auch auf ressourcenbeschränkten Geräten laufen können.

4. Bessere Kontextualisierung und Personalisierung: RAG-Modelle werden zunehmend in der Lage sein, den Nutzerkontext besser zu verstehen und personalisierte Antworten zu liefern, was die Nutzererfahrung verbessert.

5. Automatisierte Aktualisierung der Wissensbasis: Um stets aktuelle Informationen zu gewährleisten, könnten RAG-Systeme in Zukunft automatisierte Mechanismen zur kontinuierlichen Aktualisierung ihrer Datenquellen integrieren.

6. Anwendung in spezialisierten Domänen: RAG wird verstärkt in Bereichen wie Medizin, Recht oder Wissenschaft eingesetzt, wo präzise und kontextbezogene Informationen besonders wichtig sind.

7. Erklärbarkeit und Vertrauenswürdigkeit: Es wird verstärkt an transparenten und erklärbaren RAG-Systemen gearbeitet, um Nutzer besser über die Herkunft und Zuverlässigkeit der generierten Inhalte zu informieren.

Insgesamt wird die Kombination aus verbesserten Retrieval-Technologien, effizienteren Modellen und erweiterten Anwendungsfeldern die Zukunft von RAG maßgeblich prägen.",0,3.8220226764678955,0.0
q012,Wie verbessere ich meine Embedding-Qualität?,hard,vector,"Um die Embedding-Qualität zu verbessern, solltest du das Fine-tuning deiner Embedding-Modelle auf domänenspezifische Daten in Betracht ziehen. Dies kann die Retrieval-Qualität deutlich steigern. Zudem ist die Wahl des Base-Models (z.B. OpenAI oder Sentence-Transformers) entscheidend. Wichtig sind auch sorgfältiges Preprocessing, Normalisierung der Daten sowie die Verwendung geeigneter Similarity-Metriken, um die Ähnlichkeit zwischen Embeddings präzise zu messen.",3,1.0427381992340088,0.37959938247998554
q012,Wie verbessere ich meine Embedding-Qualität?,hard,graph,Keine relevanten Dokumente im Knowledge Graph gefunden.,0,0.00969243049621582,0.0
q012,Wie verbessere ich meine Embedding-Qualität?,hard,baseline,"Um die Qualität Ihrer Embeddings zu verbessern, können Sie mehrere Ansätze verfolgen:

1. **Verwenden Sie hochwertige Trainingsdaten:** Stellen Sie sicher, dass Ihre Trainingsdaten vielfältig, relevant und gut annotiert sind. Hochwertige Daten führen zu aussagekräftigeren Embeddings.

2. **Wählen Sie geeignete Modelle:** Nutzen Sie fortschrittliche vortrainierte Modelle wie BERT, RoBERTa, Sentence-BERT oder andere Transformer-basierte Modelle, die speziell für die Erzeugung semantischer Embeddings optimiert sind.

3. **Feinabstimmung (Fine-Tuning):** Passen Sie das vortrainierte Modell auf Ihre spezifische Domäne oder Ihren Anwendungsfall an. Durch domänenspezifisches Fine-Tuning verbessern Sie die Relevanz und Genauigkeit der Embeddings.

4. **Verwenden Sie geeignete Embedding-Methoden:** Für Aufgaben wie semantische Suche sind Methoden wie Sentence-BERT oder Universal Sentence Encoder oft effektiver als einfache Token-Embeddings.

5. **Optimieren Sie die Embedding-Dimensionen:** Experimentieren Sie mit der Dimensionalität der Embeddings. Zu hohe Dimensionen können zu Overfitting führen, zu niedrige können wichtige Informationen verlieren.

6. **Datenaugmentation:** Ergänzen Sie Ihre Daten durch Synonyme, paraphrasierte Sätze oder andere Techniken, um die Vielfalt der Eingaben zu erhöhen und robustere Embeddings zu erzeugen.

7. **Bewerten und iterieren:** Nutzen Sie Metriken wie cosine similarity, um die Qualität der Embeddings zu messen, und passen Sie Ihre Modelle entsprechend an.

8. **Verwenden Sie Contrastive Learning:** Techniken wie Triplet Loss oder Contrastive Loss helfen, Embeddings so zu trainieren, dass ähnliche Inhalte näher beieinander liegen und unterschiedliche weiter entfernt sind.

Durch die Kombination dieser Ansätze können Sie die semantische Qualität Ihrer Embeddings deutlich verbessern, was sich positiv auf Retrieval-Gen-Modelle und andere Anwendungen auswirkt.",0,2.344268798828125,0.0
